Rank,Name,Tm,Year,League,Vote Pts,1st Place,Share,WAR,W,L,W-L%,ERA,G,GS,GF,CG,SHO,SV,IP,H,R,ER,HR,BB,IBB,SO,HBP,BK,WP,BF,WHIP,ERA+,Name-additional
1,Justin Verlander,HOU,2022,AL,210,30,100%,5.7,18,4,0.818,1.75,28,28,0,0,0,0,175,116,43,34,12,29,0,185,6,0,3,666,0.829,223,verlaju01
2,Dylan Cease,CHW,2022,AL,97,0,46%,6.4,14,8,0.636,2.2,32,32,0,1,1,0,184,126,55,45,16,78,2,227,3,1,7,747,1.109,184,ceasedy01
3,Alek Manoah,TOR,2022,AL,87,0,41%,6,16,7,0.696,2.24,31,31,0,0,0,0,196.2,144,55,49,16,51,0,180,15,0,5,786,0.992,170,manoaal01
4,Shohei Ohtani,LAA,2022,AL,82,0,39%,6.2,15,9,0.625,2.33,28,28,0,0,0,0,166,124,45,43,14,44,0,219,2,0,14,660,1.012,174,ohtansh01
5,Framber Valdez,HOU,2022,AL,14,0,7%,3.5,17,6,0.739,2.82,31,31,0,3,1,0,201.1,166,71,63,11,67,0,194,11,1,11,827,1.157,138,valdefr01
6,Shane McClanahan,TBR,2022,AL,10,0,5%,4.1,12,8,0.6,2.54,28,28,0,0,0,0,166.1,116,52,47,19,38,1,194,3,0,9,641,0.926,142,mcclash01
7,Shane Bieber,CLE,2022,AL,5,0,2%,3.6,13,8,0.619,2.88,31,31,0,1,0,0,200,172,70,64,18,36,0,198,2,1,5,791,1.04,132,biebesh01
8,Nestor Cortes,NYY,2022,AL,3,0,1%,4.3,12,4,0.75,2.44,28,28,0,1,1,0,158.1,108,44,43,16,38,0,163,2,0,1,615,0.922,158,cortene01
9,Gerrit Cole,NYY,2022,AL,1,0,0%,2.5,13,8,0.619,3.5,33,33,0,0,0,0,200.2,154,81,78,33,50,0,257,2,2,2,793,1.017,110,colege01
9,Kevin Gausman,TOR,2022,AL,1,0,0%,3.1,12,10,0.545,3.35,31,31,0,0,0,0,174.2,188,72,65,15,28,0,205,1,2,2,725,1.237,114,gausmke01
1,Sandy Alcantara,MIA,2022,NL,210,30,100%,7.8,14,9,0.609,2.28,32,32,0,6,1,0,228.2,174,67,58,16,50,1,207,9,0,3,886,0.98,176,alcansa01
2,Max Fried,ATL,2022,NL,72,0,34%,5.9,14,7,0.667,2.48,30,30,0,0,0,0,185.1,156,55,51,12,32,2,170,4,0,9,733,1.014,166,friedma01
3,Julio Urías,LAD,2022,NL,66,0,31%,4.9,17,7,0.708,2.16,31,31,0,0,0,0,175,127,51,42,23,41,0,166,5,1,0,689,0.96,190,uriasju01
4,Aaron Nola,PHI,2022,NL,48,0,23%,5.9,11,13,0.458,3.25,32,32,0,2,1,0,205,168,75,74,19,29,1,235,9,0,2,807,0.961,123,nolaaa01
5,Zac Gallen,ARI,2022,NL,45,0,21%,5.3,12,4,0.75,2.54,31,31,0,0,0,0,184,121,56,52,15,47,0,192,12,0,5,714,0.913,158,galleza01
6,Carlos Rodón,SFG,2022,NL,30,0,14%,5.4,14,8,0.636,2.88,31,31,0,1,0,0,178,131,59,57,12,52,0,237,3,0,10,710,1.028,138,rodonca01
7,Corbin Burnes,MIL,2022,NL,20,0,10%,4,12,8,0.6,2.94,33,33,0,0,0,0,202,144,73,66,23,51,0,243,13,0,10,797,0.965,134,burneco01
8,Yu Darvish,SDP,2022,NL,7,0,3%,4.4,16,8,0.667,3.1,30,30,0,0,0,0,194.2,148,67,67,22,37,0,197,12,1,4,771,0.95,122,darviyu01
9,Edwin Díaz,NYM,2022,NL,6,0,3%,3.2,3,1,0.75,1.31,61,0,49,0,0,32,62,34,9,9,3,18,1,118,2,0,2,235,0.839,297,diazed04
10,Kyle Wright,ATL,2022,NL,3,0,1%,3.5,21,5,0.808,3.19,30,30,0,0,0,0,180.1,156,67,64,19,53,0,174,9,0,7,738,1.159,128,wrighky01
11,Logan Webb,SFG,2022,NL,2,0,1%,4.8,15,9,0.625,2.9,32,32,0,0,0,0,192.1,174,76,62,11,49,0,163,7,0,6,787,1.159,137,webblo01
12,Ryan Helsley,STL,2022,NL,1,0,0%,2.7,9,1,0.9,1.25,54,0,33,0,0,19,64.2,28,11,9,6,20,1,94,0,0,1,239,0.742,309,helslry01
1,Robbie Ray,TOR,2021,AL,207,29,99%,6.9,13,7,0.65,2.84,32,32,0,0,0,0,193.1,150,62,61,33,52,0,248,4,0,5,773,1.045,157,rayro02
2,Gerrit Cole,NYY,2021,AL,123,1,59%,5.7,16,8,0.667,3.23,30,30,0,2,1,0,181.1,151,69,65,24,41,0,243,2,1,5,726,1.059,133,colege01
3,Lance Lynn,CHW,2021,AL,48,0,23%,5.5,11,6,0.647,2.69,28,28,0,1,1,0,157,123,52,47,18,45,2,176,2,0,5,641,1.07,163,lynnla01
4,Nathan Eovaldi,BOS,2021,AL,41,0,20%,4.3,11,9,0.55,3.75,32,32,0,0,0,0,182.1,182,81,76,15,35,2,195,7,0,6,764,1.19,125,eovalna01
5,Carlos Rodón,CHW,2021,AL,34,0,16%,5.1,13,5,0.722,2.37,24,24,0,1,1,0,132.2,91,39,35,13,36,1,185,8,0,7,534,0.957,185,rodonca01
6,Frankie Montas,OAK,2021,AL,21,0,10%,3.8,13,9,0.591,3.37,32,32,0,0,0,0,187,164,79,70,20,57,1,207,7,0,11,778,1.182,122,montafr02
7,Lance McCullers Jr.,HOU,2021,AL,14,0,7%,3.4,13,5,0.722,3.16,28,28,0,0,0,0,162.1,122,59,57,13,76,0,185,10,0,7,684,1.22,136,mcculla02
8,Liam Hendriks,CHW,2021,AL,10,0,5%,2.6,8,3,0.727,2.54,69,0,58,0,0,38,71,45,23,20,11,7,1,113,1,0,6,267,0.732,173,hendrli01
9,José Berríos,TOT,2021,AL,8,0,4%,3.4,12,9,0.571,3.52,32,32,0,1,0,0,192,159,83,75,22,45,0,204,15,0,3,781,1.063,123,berrijo01
10,Chris Bassitt,OAK,2021,AL,2,0,1%,4,12,4,0.75,3.15,27,27,0,1,1,0,157.1,127,55,55,15,39,1,159,11,1,5,637,1.055,131,bassich01
11,Lucas Giolito,CHW,2021,AL,1,0,0%,4.3,11,9,0.55,3.53,31,31,0,1,0,0,178.2,145,74,70,27,52,1,201,2,0,12,720,1.103,124,giolilu01
11,Raisel Iglesias,LAA,2021,AL,1,0,0%,2.8,7,5,0.583,2.57,65,0,59,0,0,34,70,53,25,20,11,12,0,103,1,1,2,273,0.929,174,iglesra01
1,Corbin Burnes,MIL,2021,NL,151,12,72%,5.3,11,5,0.688,2.43,28,28,0,0,0,0,167,123,47,45,7,34,0,234,6,0,5,657,0.94,170,burneco01
2,Zack Wheeler,PHI,2021,NL,141,12,67%,7.5,14,10,0.583,2.78,32,32,0,3,2,0,213.1,169,72,66,16,46,1,247,8,0,6,849,1.008,150,wheelza01
3,Max Scherzer,TOT,2021,NL,113,6,54%,6.1,15,4,0.789,2.46,30,30,0,1,0,0,179.1,119,53,49,23,36,0,236,10,0,2,693,0.864,167,scherma01
4,Walker Buehler,LAD,2021,NL,70,0,33%,7.1,16,4,0.8,2.47,33,33,0,0,0,0,207.2,149,61,57,19,52,2,212,6,0,5,815,0.968,171,buehlwa01
5,Brandon Woodruff,MIL,2021,NL,21,0,10%,5.3,9,10,0.474,2.56,30,30,0,0,0,0,179.1,130,54,51,18,43,0,211,7,0,2,708,0.965,161,woodrbr01
6,Kevin Gausman,SFG,2021,NL,7,0,3%,5.2,14,6,0.7,2.81,33,33,0,0,0,0,192,150,66,60,20,50,1,227,4,0,7,775,1.042,147,gausmke01
7,Julio Urías,LAD,2021,NL,3,0,1%,4.8,20,3,0.87,2.96,32,32,0,0,0,0,185.2,151,67,61,19,38,3,195,7,1,2,745,1.018,143,uriasju01
7,Adam Wainwright,STL,2021,NL,3,0,1%,3.8,17,7,0.708,3.05,32,32,0,3,1,0,206.1,168,72,70,21,50,3,174,9,1,4,828,1.057,128,wainwad01
9,Jacob deGrom,NYM,2021,NL,1,0,0%,4.5,7,2,0.778,1.08,15,15,0,1,1,0,92,40,14,11,6,11,0,146,1,0,0,324,0.554,373,degroja01
1,Shane Bieber,CLE,2020,AL,210,30,100%,3.2,8,1,0.889,1.63,12,12,0,0,0,0,77.1,46,15,14,7,21,0,122,1,0,5,297,0.866,273,biebesh01
2,Kenta Maeda,MIN,2020,AL,92,0,44%,1.6,6,1,0.857,2.7,11,11,0,0,0,0,66.2,40,20,20,9,10,0,80,0,0,0,248,0.75,160,maedake01
3,Hyun Jin Ryu,TOR,2020,AL,51,0,24%,2.9,5,2,0.714,2.69,12,12,0,0,0,0,67,60,22,20,6,17,0,72,1,0,1,275,1.149,164,ryuhy01
4,Gerrit Cole,NYY,2020,AL,50,0,24%,2.2,7,3,0.7,2.84,12,12,0,2,1,0,73,53,27,23,14,17,0,94,2,0,2,288,0.959,151,colege01
5,Dallas Keuchel,CHW,2020,AL,46,0,22%,2.1,6,2,0.75,1.99,11,11,0,0,0,0,63.1,52,15,14,2,17,0,42,0,0,0,257,1.089,224,keuchda01
6,Lance Lynn,TEX,2020,AL,22,0,10%,2.2,6,3,0.667,3.32,13,13,0,1,0,0,84,64,34,31,13,25,0,89,6,0,2,344,1.06,135,lynnla01
7,Lucas Giolito,CHW,2020,AL,18,0,9%,0.8,4,3,0.571,3.48,12,12,0,1,1,0,72.1,47,31,28,8,28,0,97,2,0,3,288,1.037,128,giolilu01
8,Chris Bassitt,OAK,2020,AL,10,0,5%,2.1,5,2,0.714,2.29,11,11,0,0,0,0,63,56,18,16,6,17,0,55,2,0,2,261,1.159,183,bassich01
9,Dylan Bundy,LAA,2020,AL,5,0,2%,1.7,6,3,0.667,3.29,11,11,0,1,0,0,65.2,51,27,24,5,17,1,72,4,0,2,267,1.036,138,bundydy01
9,Liam Hendriks,OAK,2020,AL,5,0,2%,1.4,3,1,0.75,1.78,24,0,20,0,0,14,25.1,14,6,5,1,3,1,37,0,0,0,92,0.671,238,hendrli01
11,Framber Valdez,HOU,2020,AL,1,0,0%,1.2,5,3,0.625,3.57,11,10,0,0,0,0,70.2,63,32,28,5,16,0,76,5,1,6,288,1.118,125,valdefr01
1,Trevor Bauer,CIN,2020,NL,201,27,96%,3,5,4,0.556,1.73,11,11,0,2,2,0,73,41,17,14,9,17,1,100,3,0,3,278,0.795,284,bauertr01
2,Yu Darvish,CHC,2020,NL,123,3,59%,2.8,8,3,0.727,2.01,12,12,0,0,0,0,76,59,18,17,5,14,1,93,2,0,3,297,0.961,224,darviyu01
3,Jacob deGrom,NYM,2020,NL,89,0,42%,2.6,4,2,0.667,2.38,12,12,0,0,0,0,68,47,21,18,7,18,0,104,0,0,4,268,0.956,180,degroja01
4,Dinelson Lamet,SDP,2020,NL,57,0,27%,2.3,3,1,0.75,2.09,12,12,0,0,0,0,69,39,18,16,5,20,0,93,4,0,1,267,0.855,201,lametdi01
5,Max Fried,ATL,2020,NL,15,0,7%,2.9,7,0,1,2.25,11,11,0,0,0,0,56,42,14,14,2,19,0,50,4,1,1,224,1.089,208,friedma01
6,Corbin Burnes,MIL,2020,NL,12,0,6%,2.1,4,1,0.8,2.11,12,9,2,0,0,0,59.2,37,15,14,2,24,0,88,3,0,5,240,1.022,216,burneco01
7,Aaron Nola,PHI,2020,NL,3,0,1%,2.2,5,5,0.5,3.28,12,12,0,2,1,0,71.1,54,31,26,9,23,2,96,2,0,1,289,1.079,137,nolaaa01
7,Devin Williams,MIL,2020,NL,3,0,1%,1.3,4,1,0.8,0.33,22,0,1,0,0,0,27,8,4,1,1,9,0,53,1,0,3,100,0.63,1375,willide03
9,Zac Gallen,ARI,2020,NL,2,0,1%,2.5,3,2,0.6,2.75,12,12,0,0,0,0,72,55,24,22,9,25,0,82,2,0,4,291,1.111,164,galleza01
9,Kyle Hendricks,CHC,2020,NL,2,0,1%,2,6,5,0.545,2.88,12,12,0,1,1,0,81.1,73,26,26,10,8,1,64,1,0,1,315,0.996,156,hendrky01
9,Clayton Kershaw,LAD,2020,NL,2,0,1%,1.8,6,2,0.75,2.16,10,10,0,0,0,0,58.1,41,18,14,8,8,0,62,1,0,0,221,0.84,202,kershcl01
12,Zack Wheeler,PHI,2020,NL,1,0,0%,2.8,4,2,0.667,2.92,11,11,0,0,0,0,71,67,26,23,3,16,2,53,7,0,0,288,1.169,154,wheelza01
1,Justin Verlander,HOU,2019,AL,171,17,81%,7.4,21,6,0.778,2.58,34,34,0,2,1,0,223,137,66,64,36,42,0,300,6,0,4,847,0.803,179,verlaju01
2,Gerrit Cole,HOU,2019,AL,159,13,76%,6.6,20,5,0.8,2.5,33,33,0,0,0,0,212.1,142,66,59,29,48,0,326,3,3,4,817,0.895,185,colege01
3,Charlie Morton,TBR,2019,AL,75,0,36%,4.9,16,6,0.727,3.05,33,33,0,0,0,0,194.2,154,71,66,15,57,0,240,12,1,5,790,1.084,144,mortoch02
4,Shane Bieber,CLE,2019,AL,64,0,30%,4.8,15,8,0.652,3.28,34,33,1,3,2,0,214.1,186,86,78,31,40,1,259,6,1,6,859,1.054,144,biebesh01
5,Lance Lynn,TEX,2019,AL,18,0,9%,7.7,16,11,0.593,3.67,33,33,0,0,0,0,208.1,195,89,85,21,59,0,246,8,0,18,875,1.219,141,lynnla01
6,Lucas Giolito,CHW,2019,AL,8,0,4%,5.5,14,9,0.609,3.41,29,29,0,3,2,0,176.2,131,69,67,24,57,1,228,4,0,6,705,1.064,134,giolilu01
6,Eduardo Rodriguez,BOS,2019,AL,8,0,4%,5.5,19,6,0.76,3.81,34,34,0,0,0,0,203.1,195,88,86,24,75,2,213,7,0,3,859,1.328,128,rodried05
8,Mike Minor,TEX,2019,AL,7,0,3%,8,14,10,0.583,3.59,32,32,0,2,1,0,208.1,190,86,83,30,68,1,200,7,0,2,863,1.238,144,minormi01
1,Jacob deGrom,NYM,2019,NL,207,29,99%,7.2,11,8,0.579,2.43,32,32,0,0,0,0,204,154,59,55,19,44,1,255,7,0,2,804,0.971,169,degroja01
2,Hyun Jin Ryu,LAD,2019,NL,88,1,42%,5.1,14,5,0.737,2.32,29,29,0,1,1,0,182.2,160,53,47,17,24,2,163,4,0,0,723,1.007,179,ryuhy01
3,Max Scherzer,WSN,2019,NL,72,0,34%,5.2,11,7,0.611,2.92,27,27,0,0,0,0,172.1,144,59,56,18,33,2,243,7,0,0,693,1.027,154,scherma01
4,Jack Flaherty,STL,2019,NL,69,0,33%,5.8,11,8,0.579,2.75,33,33,0,0,0,0,196.1,135,62,60,25,55,2,231,7,0,6,772,0.968,152,flaheja01
5,Stephen Strasburg,WSN,2019,NL,53,0,25%,5.6,18,6,0.75,3.32,33,33,0,0,0,0,209,161,79,77,24,56,4,251,10,0,8,841,1.038,135,strasst01
6,Michael Soroka,ATL,2019,NL,9,0,4%,6.1,13,4,0.765,2.68,29,29,0,0,0,0,174.2,153,56,52,14,41,1,142,7,0,3,701,1.111,171,sorokmi01
7,Sonny Gray,CIN,2019,NL,4,0,2%,6.2,11,8,0.579,2.87,31,31,0,0,0,0,175.1,122,59,56,17,68,1,205,7,1,7,708,1.084,162,grayso01
8,Clayton Kershaw,LAD,2019,NL,3,0,1%,3.3,16,5,0.762,3.03,29,28,0,0,0,0,178.1,145,63,60,28,41,0,189,2,1,7,706,1.043,137,kershcl01
9,Walker Buehler,LAD,2019,NL,2,0,1%,2.3,14,4,0.778,3.26,30,30,0,2,0,0,182.1,153,77,66,20,37,0,215,7,0,4,737,1.042,127,buehlwa01
9,Kirby Yates,SDP,2019,NL,2,0,1%,3,0,5,0,1.19,60,0,51,0,0,41,60.2,41,14,8,2,13,1,101,7,0,2,243,0.89,354,yateski01
11,Patrick Corbin,WSN,2019,NL,1,0,0%,5,14,7,0.667,3.25,33,33,0,1,1,0,202,169,81,73,24,70,2,238,3,0,4,835,1.183,138,corbipa01
1,Blake Snell,TBR,2018,AL,169,17,80%,7.1,21,5,0.808,1.89,31,31,0,0,0,0,180.2,112,41,38,16,64,2,221,1,0,13,700,0.974,217,snellbl01
2,Justin Verlander,HOU,2018,AL,154,13,73%,6.3,16,9,0.64,2.52,34,34,0,1,1,0,214,156,63,60,28,37,0,290,8,2,5,833,0.902,164,verlaju01
3,Corey Kluber,CLE,2018,AL,71,0,34%,6,20,7,0.741,2.89,33,33,0,2,1,0,215,179,75,69,25,34,0,222,3,0,2,842,0.991,150,klubeco01
4,Chris Sale,BOS,2018,AL,59,0,28%,6.5,12,4,0.75,2.11,27,27,0,0,0,0,158,102,39,37,11,34,0,237,14,0,4,617,0.861,209,salech01
5,Gerrit Cole,HOU,2018,AL,26,0,12%,5.2,15,5,0.75,2.88,32,32,0,1,1,0,200.1,143,68,64,19,64,0,276,7,0,9,799,1.033,144,colege01
6,Trevor Bauer,CLE,2018,AL,13,0,6%,6,12,6,0.667,2.21,28,27,1,0,0,1,175.1,134,51,43,9,57,2,221,9,0,12,717,1.089,196,bauertr01
6,Blake Treinen,OAK,2018,AL,13,0,6%,4.4,9,2,0.818,0.78,68,0,58,0,0,38,80.1,46,12,7,2,21,3,100,1,0,6,315,0.834,531,treinbl01
8,Edwin Díaz,SEA,2018,AL,4,0,2%,3.1,0,4,0,1.96,73,0,65,0,0,57,73.1,41,17,16,5,17,0,124,6,1,3,280,0.791,208,diazed04
9,Luis Severino,NYY,2018,AL,1,0,0%,3.9,19,8,0.704,3.39,32,32,0,1,1,0,191.1,173,76,72,19,46,0,220,5,0,8,780,1.145,124,severlu01
1,Jacob deGrom,NYM,2018,NL,207,29,99%,9.5,10,9,0.526,1.7,32,32,0,1,0,0,217,152,48,41,10,46,3,269,5,0,2,835,0.912,218,degroja01
2,Max Scherzer,WSN,2018,NL,123,1,59%,7.9,18,7,0.72,2.53,33,33,0,2,1,0,220.2,150,66,62,23,51,4,300,12,1,4,866,0.911,168,scherma01
3,Aaron Nola,PHI,2018,NL,86,0,41%,9.7,17,6,0.739,2.37,33,33,0,0,0,0,212.1,149,57,56,17,58,3,224,7,1,4,831,0.975,173,nolaaa01
4,Kyle Freeland,COL,2018,NL,49,0,23%,7.7,17,7,0.708,2.85,33,33,0,0,0,0,202.1,182,64,64,17,70,2,173,6,0,2,844,1.245,166,freelky01
5,Patrick Corbin,ARI,2018,NL,23,0,11%,4.4,11,7,0.611,3.15,33,33,0,1,1,0,200,162,70,70,15,48,3,246,5,0,8,800,1.05,133,corbipa01
6,Miles Mikolas,STL,2018,NL,13,0,6%,5,18,4,0.818,2.83,32,32,0,1,1,0,200.2,186,70,63,16,29,4,146,7,1,2,808,1.071,137,mikolmi01
7,Josh Hader,MIL,2018,NL,4,0,2%,2.1,6,1,0.857,2.43,55,0,14,0,0,12,81.1,36,23,22,9,30,0,143,1,1,0,306,0.811,168,haderjo01
8,Mike Foltynewicz,ATL,2018,NL,3,0,1%,4.2,13,10,0.565,2.85,31,31,0,2,1,0,183,130,65,58,17,68,3,202,6,2,7,744,1.082,143,foltymi01
9,Jon Lester,CHC,2018,NL,2,0,1%,2.7,18,6,0.75,3.32,32,32,0,0,0,0,181.2,174,75,67,24,64,1,149,6,0,4,761,1.31,125,lestejo01
1,Corey Kluber,CLE,2017,AL,204,28,97%,7.9,18,4,0.818,2.25,29,29,0,5,3,0,203.2,141,56,51,21,36,2,265,5,0,4,777,0.869,202,klubeco01
2,Chris Sale,BOS,2017,AL,126,2,60%,5.9,17,8,0.68,2.9,32,32,0,1,0,0,214.1,165,73,69,24,43,0,308,8,0,3,851,0.97,157,salech01
3,Luis Severino,NYY,2017,AL,73,0,35%,5.2,14,6,0.7,2.98,31,31,0,0,0,0,193.1,150,73,64,21,51,0,230,6,0,6,783,1.04,152,severlu01
4,Carlos Carrasco,CLE,2017,AL,43,0,20%,5.2,18,6,0.75,3.29,32,32,0,1,0,0,200,173,73,73,21,46,2,226,10,0,10,798,1.095,139,carraca01
5,Justin Verlander,TOT,2017,AL,32,0,15%,6.9,15,8,0.652,3.36,33,33,0,0,0,0,206,170,80,77,27,72,4,219,4,0,5,849,1.175,131,verlaju01
6,Craig Kimbrel,BOS,2017,AL,27,0,13%,3.6,5,0,1,1.43,67,0,51,0,0,35,69,33,11,11,6,14,0,126,4,0,5,254,0.681,319,kimbrcr01
7,Ervin Santana,MIN,2017,AL,3,0,1%,4.8,16,8,0.667,3.28,33,33,0,5,3,0,211.1,177,85,77,31,61,2,167,8,1,12,864,1.126,135,santaer01
8,Marcus Stroman,TOR,2017,AL,2,0,1%,5.1,13,9,0.591,3.09,33,33,0,2,0,0,201,201,82,69,21,62,1,164,6,1,3,834,1.308,145,stromma01
1,Max Scherzer,WSN,2017,NL,201,27,96%,7.2,16,6,0.727,2.51,31,31,0,2,0,0,200.2,126,62,56,22,55,2,268,11,0,4,780,0.902,178,scherma01
2,Clayton Kershaw,LAD,2017,NL,126,3,60%,4.9,18,4,0.818,2.31,27,27,0,1,0,0,175,136,49,45,23,30,0,202,0,2,4,679,0.949,179,kershcl01
3,Stephen Strasburg,WSN,2017,NL,81,0,39%,6.3,15,4,0.789,2.52,28,28,0,1,1,0,175.1,131,55,49,13,47,5,204,7,0,3,701,1.015,178,strasst01
4,Zack Greinke,ARI,2017,NL,52,0,25%,5.7,17,7,0.708,3.2,32,32,0,1,0,0,202.1,172,80,72,25,45,0,215,0,0,12,801,1.072,147,greinza01
5,Kenley Jansen,LAD,2017,NL,22,0,10%,3,5,0,1,1.32,65,0,57,0,0,41,68.1,44,11,10,5,7,0,109,2,1,2,258,0.746,315,janseke01
6,Gio Gonzalez,WSN,2017,NL,18,0,9%,6.5,15,9,0.625,2.96,32,32,0,0,0,0,201,158,69,66,21,79,5,188,7,0,7,827,1.179,152,gonzagi01
7,Robbie Ray,ARI,2017,NL,6,0,3%,4.7,15,5,0.75,2.89,28,28,0,1,1,0,162,116,57,52,23,71,3,218,5,0,8,665,1.154,163,rayro02
8,Jacob deGrom,NYM,2017,NL,2,0,1%,4.2,15,10,0.6,3.53,31,31,0,1,0,0,201.1,180,87,79,28,59,5,239,2,0,7,827,1.187,117,degroja01
9,Jimmy Nelson,MIL,2017,NL,1,0,0%,3.3,12,6,0.667,3.49,29,29,0,1,0,0,175.1,171,75,68,16,48,1,199,9,1,6,728,1.249,126,nelsoji02
9,Alex Wood,LAD,2017,NL,1,0,0%,3.4,16,3,0.842,2.72,27,25,0,0,0,0,152.1,123,50,46,15,38,6,151,6,0,2,614,1.057,152,woodal02
1,Rick Porcello,BOS,2016,AL,137,8,65%,4.7,22,4,0.846,3.15,33,33,0,3,0,0,223,193,85,78,23,32,0,189,13,0,3,890,1.009,142,porceri01
2,Justin Verlander,DET,2016,AL,132,14,63%,7.4,16,9,0.64,3.04,34,34,0,2,0,0,227.2,171,81,77,30,57,1,254,8,0,6,903,1.001,140,verlaju01
3,Corey Kluber,CLE,2016,AL,98,3,47%,5.6,18,9,0.667,3.14,32,32,0,3,2,0,215,170,82,75,22,57,1,227,7,1,5,860,1.056,144,klubeco01
4,Zack Britton,BAL,2016,AL,72,5,34%,4.1,2,1,0.667,0.54,69,0,63,0,0,47,67,38,7,4,1,18,3,74,0,0,10,254,0.836,803,brittza01
5,Chris Sale,CHW,2016,AL,40,0,19%,4.9,17,10,0.63,3.34,32,32,0,6,1,0,226.2,190,88,84,27,45,2,233,17,0,2,907,1.037,121,salech01
6,J.A. Happ,TOR,2016,AL,14,0,7%,4.5,20,4,0.833,3.18,32,32,0,0,0,0,195,168,72,69,22,60,0,163,6,2,3,796,1.169,134,happja01
7,Aaron Sanchez,TOR,2016,AL,6,0,3%,5.1,15,2,0.882,3,30,30,0,0,0,0,192,161,69,64,15,63,0,161,5,0,5,790,1.167,142,sanchaa01
7,Masahiro Tanaka,NYY,2016,AL,6,0,3%,5.2,14,4,0.778,3.07,31,31,0,0,0,0,199.2,179,75,68,22,36,0,165,3,0,7,805,1.077,140,tanakma01
9,Andrew Miller,TOT,2016,AL,3,0,1%,3.8,10,1,0.909,1.45,70,0,23,0,0,12,74.1,42,13,12,8,9,0,123,2,0,1,275,0.686,304,millean01
10,Michael Fulmer,DET,2016,AL,1,0,0%,5.4,11,7,0.611,3.06,26,26,0,1,1,0,159,136,57,54,16,42,1,132,9,1,1,647,1.119,139,fulmemi01
10,José Quintana,CHW,2016,AL,1,0,0%,5.3,13,12,0.52,3.2,32,32,0,0,0,0,208,192,76,74,22,50,1,181,4,1,10,837,1.163,126,quintjo01
1,Max Scherzer,WSN,2016,NL,192,25,91%,6.2,20,7,0.741,2.96,34,34,0,1,0,0,228.1,165,77,75,31,56,2,284,6,1,2,902,0.968,144,scherma01
2,Jon Lester,CHC,2016,NL,102,1,49%,5.6,19,5,0.792,2.44,32,32,0,2,0,0,202.2,154,57,55,21,52,0,197,6,0,4,796,1.016,171,lestejo01
3,Kyle Hendricks,CHC,2016,NL,85,2,40%,5.4,16,8,0.667,2.13,31,30,0,2,1,0,190,142,53,45,15,44,3,170,8,0,5,745,0.979,196,hendrky01
4,Madison Bumgarner,SFG,2016,NL,46,0,22%,4.8,15,9,0.625,2.74,34,34,0,4,1,0,226.2,179,79,69,26,54,0,251,8,1,4,912,1.028,146,bumgama01
5,Clayton Kershaw,LAD,2016,NL,30,2,14%,5.8,12,4,0.75,1.69,21,21,0,3,3,0,149,97,31,28,8,11,1,172,2,3,5,544,0.725,237,kershcl01
6,Johnny Cueto,SFG,2016,NL,19,0,9%,5.5,18,5,0.783,2.79,32,32,0,5,2,0,219.2,195,71,68,15,45,1,198,8,1,3,881,1.093,144,cuetojo01
7,José Fernández,MIA,2016,NL,18,0,9%,4.4,16,8,0.667,2.86,29,29,0,0,0,0,182.1,149,63,58,13,55,6,253,6,1,9,737,1.119,137,fernajo02
8,Noah Syndergaard,NYM,2016,NL,15,0,7%,5,14,9,0.609,2.6,31,30,0,0,0,0,183.2,168,61,53,11,43,2,218,2,1,10,744,1.149,155,syndeno01
9,Jake Arrieta,CHC,2016,NL,2,0,1%,3.8,18,8,0.692,3.1,31,31,0,1,1,0,197.1,138,72,68,16,76,1,190,6,0,16,795,1.084,135,arrieja01
10,Tanner Roark,WSN,2016,NL,1,0,0%,5.5,16,10,0.615,2.83,34,33,0,0,0,0,210,173,72,66,17,73,4,172,13,1,6,855,1.171,151,roarkta01
1,Dallas Keuchel,HOU,2015,AL,186,22,89%,6.5,20,8,0.714,2.48,33,33,0,3,2,0,232,185,68,64,17,51,0,216,2,0,9,911,1.017,157,keuchda01
2,David Price,TOT,2015,AL,143,8,68%,6.3,18,5,0.783,2.45,32,32,0,3,1,0,220.1,190,70,60,17,47,2,225,3,0,4,888,1.076,164,priceda01
3,Sonny Gray,OAK,2015,AL,82,0,39%,5.4,14,7,0.667,2.73,31,31,0,3,2,0,208,166,71,63,17,59,0,169,2,0,13,831,1.082,143,grayso01
4,Chris Sale,CHW,2015,AL,30,0,14%,3.4,13,11,0.542,3.41,31,31,0,1,0,0,208.2,185,88,79,23,42,0,274,13,0,7,854,1.088,114,salech01
5,Chris Archer,TBR,2015,AL,29,0,14%,3.9,12,13,0.48,3.23,34,34,0,1,1,0,212,175,85,76,19,66,0,252,3,0,13,868,1.137,121,archech01
6,Wade Davis,KCR,2015,AL,10,0,5%,3.5,8,1,0.889,0.94,69,0,24,0,0,17,67.1,33,8,7,3,20,1,78,0,0,1,251,0.787,448,daviswa01
7,Félix Hernández,SEA,2015,AL,9,0,4%,4.6,18,9,0.667,3.53,31,31,0,2,2,0,201.2,180,80,79,23,58,0,191,9,0,10,826,1.18,108,hernafe02
8,Collin McHugh,HOU,2015,AL,5,0,2%,2.6,19,7,0.731,3.89,32,32,0,0,0,0,203.2,207,89,88,19,53,2,171,9,0,5,859,1.277,100,mchugco01
9,Corey Kluber,CLE,2015,AL,4,0,2%,4.3,9,16,0.36,3.49,32,32,0,4,0,0,222,189,92,86,22,45,3,245,11,1,6,886,1.054,123,klubeco01
10,Marco Estrada,TOR,2015,AL,3,0,1%,3.8,13,8,0.619,3.13,34,28,3,0,0,0,181,134,67,63,24,55,2,131,5,0,2,725,1.044,131,estrama01
10,Andrew Miller,NYY,2015,AL,3,0,1%,2.3,3,2,0.6,2.04,60,0,53,0,0,36,61.2,33,16,14,5,20,1,100,5,0,2,246,0.859,200,millean01
10,Shawn Tolleson,TEX,2015,AL,3,0,1%,1.8,6,4,0.6,2.99,73,0,53,0,0,35,72.1,66,25,24,9,17,5,76,2,0,0,298,1.147,142,tollesh01
13,Carlos Carrasco,CLE,2015,AL,2,0,1%,3.9,14,12,0.538,3.63,30,30,0,3,1,0,183.2,154,75,74,18,43,2,216,5,0,5,730,1.073,119,carraca01
14,Dellin Betances,NYY,2015,AL,1,0,0%,3.9,6,4,0.6,1.5,74,0,17,0,0,9,84,45,17,14,6,40,2,131,3,0,9,332,1.012,271,betande01
1,Jake Arrieta,CHC,2015,NL,169,17,80%,8.3,22,6,0.786,1.77,33,33,0,4,3,0,229,150,52,45,10,48,2,236,6,0,6,870,0.865,215,arrieja01
2,Zack Greinke,LAD,2015,NL,147,10,70%,8.9,19,3,0.864,1.66,32,32,0,1,0,0,222.2,148,43,41,14,40,1,200,5,0,7,843,0.844,222,greinza01
3,Clayton Kershaw,LAD,2015,NL,101,3,48%,7.3,16,7,0.696,2.13,33,33,0,4,3,0,232.2,163,62,55,15,42,1,301,5,3,9,890,0.881,173,kershcl01
4,Gerrit Cole,PIT,2015,NL,40,0,19%,4.3,19,8,0.704,2.6,32,32,0,0,0,0,208,183,71,60,11,44,1,202,10,0,7,832,1.091,149,colege01
5,Max Scherzer,WSN,2015,NL,32,0,15%,6.9,14,12,0.538,2.79,33,33,0,4,3,0,228.2,176,74,71,27,34,2,276,5,1,10,899,0.918,142,scherma01
6,Madison Bumgarner,SFG,2015,NL,8,0,4%,5,18,9,0.667,2.93,32,32,0,4,2,0,218.1,181,73,71,21,39,2,234,7,0,1,869,1.008,131,bumgama01
7,Jacob deGrom,NYM,2015,NL,7,0,3%,5.2,14,8,0.636,2.54,30,30,0,0,0,0,191,149,59,54,16,38,2,205,2,0,6,751,0.979,149,degroja01
8,Mark Melancon,PIT,2015,NL,5,0,2%,1.8,3,2,0.6,2.23,78,0,63,0,0,51,76.2,57,22,19,4,14,2,62,2,0,3,293,0.926,174,melanma01
9,John Lackey,STL,2015,NL,1,0,0%,5.8,13,10,0.565,2.77,33,33,0,1,0,0,218,211,71,67,21,53,5,175,4,3,5,896,1.211,142,lackejo01
1,Corey Kluber,CLE,2014,AL,169,17,80%,8.1,18,9,0.667,2.44,34,34,0,3,1,0,235.2,207,72,64,14,51,3,269,6,0,3,951,1.095,160,klubeco01
2,Félix Hernández,SEA,2014,AL,159,13,76%,6.4,15,6,0.714,2.14,34,34,0,0,0,0,236,170,68,56,16,46,1,248,5,0,18,912,0.915,170,hernafe02
3,Chris Sale,CHW,2014,AL,78,0,37%,6.1,12,4,0.75,2.17,26,26,0,2,0,0,174,129,48,42,13,39,2,208,11,0,3,685,0.966,173,salech01
4,Jon Lester,TOT,2014,AL,46,0,22%,4.6,16,11,0.593,2.46,32,32,0,1,1,0,219.2,194,76,60,16,48,0,220,5,0,3,885,1.102,158,lestejo01
5,Max Scherzer,DET,2014,AL,32,0,15%,5.8,18,5,0.783,3.15,33,33,0,1,1,0,220.1,196,80,77,18,63,1,252,6,1,10,904,1.175,123,scherma01
6,David Price,TOT,2014,AL,16,0,8%,4.4,15,12,0.556,3.26,34,34,0,3,0,0,248.1,230,100,90,25,38,1,271,5,0,2,1009,1.079,115,priceda01
7,Phil Hughes,MIN,2014,AL,6,0,3%,4.6,16,10,0.615,3.52,32,32,0,1,0,0,209.2,221,88,82,16,16,1,186,5,0,1,855,1.13,111,hugheph01
8,Wade Davis,KCR,2014,AL,3,0,1%,3.8,9,2,0.818,1,71,0,11,0,0,3,72,38,8,8,0,23,0,109,3,0,1,279,0.847,396,daviswa01
9,Greg Holland,KCR,2014,AL,1,0,0%,2.6,1,3,0.25,1.44,65,0,60,0,0,46,62.1,37,13,10,3,20,0,90,0,0,9,240,0.914,274,hollagr01
1,Clayton Kershaw,LAD,2014,NL,210,30,100%,7.7,21,3,0.875,1.77,27,27,0,6,2,0,198.1,139,42,39,9,31,0,239,2,2,7,749,0.857,197,kershcl01
2,Johnny Cueto,CIN,2014,NL,112,0,53%,6.6,20,9,0.69,2.25,34,34,0,4,2,0,243.2,169,69,61,22,65,2,242,15,1,1,961,0.96,163,cuetojo01
3,Adam Wainwright,STL,2014,NL,97,0,46%,6.1,20,9,0.69,2.38,32,32,0,5,3,0,227,184,64,60,10,50,5,179,7,1,4,898,1.031,153,wainwad01
4,Madison Bumgarner,SFG,2014,NL,28,0,13%,3.7,18,10,0.643,2.98,33,33,0,4,2,0,217.1,194,81,72,21,43,3,219,6,1,4,873,1.09,116,bumgama01
5,Jordan Zimmermann,WSN,2014,NL,25,0,12%,4.7,14,5,0.737,2.66,32,32,0,3,2,0,199.2,185,67,59,13,29,0,182,6,0,4,800,1.072,141,zimmejo02
6,Cole Hamels,PHI,2014,NL,17,0,8%,6.4,9,9,0.5,2.46,30,30,0,0,0,0,204.2,176,60,56,14,59,3,198,8,1,6,829,1.148,152,hamelco01
7,Zack Greinke,LAD,2014,NL,6,0,3%,4.5,17,8,0.68,2.71,32,32,0,0,0,0,202.1,190,69,61,19,43,3,207,2,0,12,821,1.152,129,greinza01
8,Doug Fister,WSN,2014,NL,5,0,2%,4.4,16,6,0.727,2.41,25,25,0,1,1,0,164,153,52,44,18,24,0,98,7,0,5,662,1.079,155,fistedo01
9,Jake Arrieta,CHC,2014,NL,3,0,1%,5.3,10,5,0.667,2.53,25,25,0,1,1,0,156.2,114,46,44,5,41,2,167,3,0,8,614,0.989,150,arrieja01
9,Craig Kimbrel,ATL,2014,NL,3,0,1%,2.5,0,3,0,1.61,63,0,54,0,0,47,61.2,30,13,11,2,26,0,95,2,0,6,244,0.908,223,kimbrcr01
9,Stephen Strasburg,WSN,2014,NL,3,0,1%,3.3,14,11,0.56,3.14,34,34,0,0,0,0,215,198,86,75,23,43,4,242,5,0,7,868,1.121,119,strasst01
12,Henderson Alvarez III,MIA,2014,NL,1,0,0%,4.7,12,7,0.632,2.65,30,30,0,3,3,0,187,198,65,55,14,33,3,111,8,0,4,772,1.235,140,alvarhe01
1,Max Scherzer,DET,2013,AL,203,28,97%,6.5,21,3,0.875,2.9,32,32,0,0,0,0,214.1,152,73,69,18,56,0,240,4,1,6,836,0.97,144,scherma01
2,Yu Darvish,TEX,2013,AL,93,0,44%,5.6,13,9,0.591,2.83,32,32,0,0,0,0,209.2,145,68,66,26,80,1,277,8,1,7,841,1.073,145,darviyu01
3,Hisashi Iwakuma,SEA,2013,AL,73,0,35%,7,14,6,0.7,2.66,33,33,0,0,0,0,219.2,179,69,65,25,42,4,185,2,0,10,866,1.006,138,iwakuhi01
4,Aníbal Sánchez,DET,2013,AL,46,1,22%,6.1,14,8,0.636,2.57,29,29,0,1,1,0,182,156,56,52,9,54,1,202,2,0,7,746,1.154,162,sanchan01
5,Chris Sale,CHW,2013,AL,44,1,21%,6.5,11,14,0.44,3.07,30,30,0,4,1,0,214.1,184,81,73,23,46,2,226,14,1,8,866,1.073,137,salech01
6,Bartolo Colon,OAK,2013,AL,25,0,12%,5.6,18,6,0.75,2.65,30,30,0,3,3,0,190.1,193,60,56,14,29,0,117,0,0,1,769,1.166,147,colonba01
7,Koji Uehara,BOS,2013,AL,10,0,5%,3.5,4,1,0.8,1.09,73,0,40,0,0,21,74.1,33,10,9,5,9,2,101,1,0,1,265,0.565,379,ueharko01
8,Félix Hernández,SEA,2013,AL,6,0,3%,5.1,12,10,0.545,3.04,31,31,0,0,0,0,204.1,185,74,69,15,46,1,216,3,0,13,823,1.131,121,hernafe02
9,Greg Holland,KCR,2013,AL,4,0,2%,3.2,2,1,0.667,1.21,68,0,61,0,0,47,67,40,11,9,3,18,1,103,0,0,2,255,0.866,342,hollagr01
9,Matt Moore,TBR,2013,AL,4,0,2%,2.5,17,4,0.81,3.29,27,27,0,1,1,0,150.1,119,58,55,14,76,1,143,4,1,17,642,1.297,117,moorema02
11,James Shields,KCR,2013,AL,2,0,1%,4.7,13,9,0.591,3.15,34,34,0,2,0,0,228.2,215,82,80,20,68,0,196,8,2,11,946,1.238,131,shielja02
1,Clayton Kershaw,LAD,2013,NL,207,29,99%,8.1,16,9,0.64,1.83,33,33,0,3,2,0,236,164,55,48,11,52,2,232,3,2,12,908,0.915,194,kershcl01
2,Adam Wainwright,STL,2013,NL,86,1,41%,6.3,19,9,0.679,2.94,34,34,0,5,2,0,241.2,223,83,79,15,35,2,219,6,0,5,956,1.068,127,wainwad01
3,José Fernández,MIA,2013,NL,62,0,30%,6.2,12,6,0.667,2.19,28,28,0,0,0,0,172.2,111,47,42,10,58,5,187,5,1,3,681,0.979,176,fernajo02
4,Matt Harvey,NYM,2013,NL,39,0,19%,5.3,9,5,0.643,2.27,26,26,0,1,1,0,178.1,135,46,45,7,31,1,191,4,0,2,690,0.931,157,harvema01
4,Craig Kimbrel,ATL,2013,NL,39,0,19%,3.1,4,3,0.571,1.21,68,0,60,0,0,50,67,39,10,9,4,20,2,98,3,0,3,258,0.881,311,kimbrcr01
6,Cliff Lee,PHI,2013,NL,32,0,15%,6.6,14,8,0.636,2.87,31,31,0,2,1,0,222.2,193,77,71,22,32,0,222,4,0,1,876,1.01,131,leecl02
7,Jordan Zimmermann,WSN,2013,NL,21,0,10%,3.5,19,9,0.679,3.25,32,32,0,4,2,0,213.1,192,81,77,19,40,0,161,7,0,3,865,1.088,116,zimmejo02
8,Zack Greinke,LAD,2013,NL,19,0,9%,4.3,15,4,0.789,2.63,28,28,0,1,1,0,177.2,152,54,52,13,46,1,148,7,0,5,717,1.114,135,greinza01
9,Madison Bumgarner,SFG,2013,NL,3,0,1%,4,13,9,0.591,2.77,31,31,0,0,0,0,201.1,146,68,62,15,62,6,199,6,0,6,803,1.033,124,bumgama01
9,Francisco Liriano,PIT,2013,NL,3,0,1%,3.3,16,8,0.667,3.02,26,26,0,2,0,0,161,134,54,54,9,63,0,163,0,2,7,666,1.224,118,liriafr01
1,David Price,TBR,2012,AL,153,14,78%,6.6,20,5,0.8,2.56,31,31,0,2,1,0,211,173,63,60,16,59,2,205,5,1,8,836,1.1,150,priceda01
2,Justin Verlander,DET,2012,AL,149,13,76%,8.1,17,8,0.68,2.64,33,33,0,6,1,0,238.1,192,81,70,19,60,2,239,5,1,2,956,1.057,161,verlaju01
3,Jered Weaver,LAA,2012,AL,70,0,36%,4.3,20,5,0.8,2.81,30,30,0,3,2,0,188.2,147,63,59,20,45,0,142,4,0,2,739,1.018,135,weaveje02
4,Félix Hernández,SEA,2012,AL,41,0,21%,5.3,13,9,0.591,3.06,33,33,0,5,5,0,232,209,84,79,14,56,0,223,12,2,13,939,1.142,124,hernafe02
5,Fernando Rodney,TBR,2012,AL,38,1,19%,3.7,2,2,0.5,0.6,76,0,65,0,0,48,74.2,43,9,5,2,15,1,76,3,0,4,282,0.777,641,rodnefe01
6,Chris Sale,CHW,2012,AL,17,0,9%,5.7,17,8,0.68,3.05,30,29,0,1,0,0,192,167,66,65,19,51,5,192,6,0,6,772,1.135,140,salech01
7,Jim Johnson,BAL,2012,AL,5,0,3%,2.4,2,1,0.667,2.49,71,0,63,0,0,51,68.2,55,21,19,3,15,1,41,3,0,1,269,1.019,170,johnsji04
8,Matt Harrison,TEX,2012,AL,2,0,1%,5.8,18,11,0.621,3.29,32,32,0,4,2,0,213.1,210,82,78,22,59,0,133,1,0,2,876,1.261,133,harrima01
9,Yu Darvish,TEX,2012,AL,1,0,1%,3.5,16,9,0.64,3.9,29,29,0,0,0,0,191.1,156,89,83,14,89,1,221,10,0,8,816,1.28,112,darviyu01
1,R.A. Dickey,NYM,2012,NL,209,27,93%,5.7,20,6,0.769,2.73,34,33,1,5,3,0,233.2,192,78,71,24,54,2,230,9,1,4,927,1.053,139,dicker.01
2,Clayton Kershaw,LAD,2012,NL,96,2,43%,6.4,14,9,0.609,2.53,33,33,0,2,2,0,227.2,170,70,64,16,63,5,229,5,2,6,901,1.023,150,kershcl01
3,Gio Gonzalez,WSN,2012,NL,93,1,42%,5,21,8,0.724,2.89,32,32,0,2,1,0,199.1,149,69,64,9,76,3,207,5,1,10,822,1.129,138,gonzagi01
4,Johnny Cueto,CIN,2012,NL,75,1,33%,5.2,19,9,0.679,2.78,33,33,0,2,0,0,217,205,73,67,15,49,5,170,12,3,1,888,1.171,148,cuetojo01
5,Craig Kimbrel,ATL,2012,NL,41,1,18%,3.2,3,1,0.75,1.01,63,0,56,0,0,42,62.2,27,7,7,3,14,0,116,2,0,5,231,0.654,399,kimbrcr01
6,Matt Cain,SFG,2012,NL,22,0,10%,3.9,16,5,0.762,2.79,32,32,0,2,2,0,219.1,177,73,68,21,51,1,193,9,0,8,876,1.04,126,cainma01
7,Kyle Lohse,STL,2012,NL,6,0,3%,4,16,3,0.842,2.86,33,33,0,0,0,0,211,192,74,67,19,38,1,143,4,0,1,864,1.09,133,lohseky01
8,Aroldis Chapman,CIN,2012,NL,1,0,0%,3.4,5,5,0.5,1.51,68,0,52,0,0,38,71.2,35,13,12,4,23,0,122,4,0,4,276,0.809,274,chapmar01
8,Cole Hamels,PHI,2012,NL,1,0,0%,4.5,17,6,0.739,3.05,31,31,0,2,2,0,215.1,190,80,73,24,52,3,216,3,2,3,867,1.124,132,hamelco01
1,Justin Verlander,DET,2011,AL,196,28,100%,8.6,24,5,0.828,2.4,34,34,0,4,2,0,251,174,73,67,24,57,0,250,3,2,7,969,0.92,172,verlaju01
2,Jered Weaver,LAA,2011,AL,97,0,49%,6.9,18,8,0.692,2.41,33,33,0,4,2,0,235.2,182,65,63,20,56,0,198,3,0,8,926,1.01,156,weaveje02
3,James Shields,TBR,2011,AL,66,0,34%,5.8,16,12,0.571,2.82,33,33,0,11,4,0,249.1,195,83,78,26,65,1,225,5,0,4,975,1.043,134,shielja02
4,CC Sabathia,NYY,2011,AL,63,0,32%,6.4,19,8,0.704,3,33,33,0,3,1,0,237.1,230,87,79,17,61,4,230,7,1,2,985,1.226,143,sabatc.01
5,Jose Valverde,DET,2011,AL,28,0,14%,2,2,4,0.333,2.24,75,0,70,0,0,49,72.1,52,21,18,5,34,4,69,3,1,3,301,1.189,185,valvejo01
6,C.J. Wilson,TEX,2011,AL,9,0,5%,4.9,16,7,0.696,2.94,34,34,0,3,1,0,223.1,191,89,73,16,74,0,206,10,0,6,915,1.187,150,wilsocj01
7,Dan Haren,LAA,2011,AL,7,0,4%,4.2,16,10,0.615,3.17,35,34,1,4,3,0,238.1,211,91,84,20,33,1,192,5,0,6,953,1.024,119,harenda01
8,Mariano Rivera,NYY,2011,AL,4,0,2%,2.9,1,2,0.333,1.91,64,0,54,0,0,44,61.1,47,13,13,3,8,2,60,2,0,1,233,0.897,226,riverma01
9,Josh Beckett,BOS,2011,AL,3,0,2%,5.8,13,7,0.65,2.89,30,30,0,1,1,0,193,146,65,62,21,52,1,175,9,0,6,767,1.026,149,beckejo02
10,Ricky Romero,TOR,2011,AL,2,0,1%,6.4,15,11,0.577,2.92,32,32,0,4,2,0,225,176,85,73,26,80,2,178,14,1,9,917,1.138,146,romerri01
11,David Robertson,NYY,2011,AL,1,0,1%,3.7,4,0,1,1.08,70,0,8,0,0,1,66.2,40,9,8,1,35,6,100,1,1,6,272,1.125,399,roberda08
1,Clayton Kershaw,LAD,2011,NL,207,27,92%,6.8,21,5,0.808,2.28,33,33,0,5,2,0,233.1,174,66,59,15,54,2,248,3,1,5,912,0.977,161,kershcl01
2,Roy Halladay,PHI,2011,NL,133,4,59%,8.8,19,6,0.76,2.35,32,32,0,8,1,0,233.2,208,65,61,10,35,4,220,4,1,2,933,1.04,163,hallaro01
3,Cliff Lee,PHI,2011,NL,90,0,40%,8.5,17,8,0.68,2.4,32,32,0,6,6,0,232.2,197,66,62,18,42,0,238,6,0,0,920,1.027,160,leecl02
4,Ian Kennedy,ARI,2011,NL,76,1,34%,4.8,21,4,0.84,2.88,33,33,0,1,1,0,222,186,73,71,19,55,0,198,9,1,11,900,1.086,137,kenneia01
5,Cole Hamels,PHI,2011,NL,17,0,8%,6.4,14,9,0.609,2.79,32,31,0,3,0,0,216,169,68,67,19,44,2,194,5,3,3,850,0.986,137,hamelco01
6,Tim Lincecum,SFG,2011,NL,7,0,3%,3.7,13,14,0.481,2.74,33,33,0,1,1,0,217,176,74,66,15,86,5,220,6,0,9,900,1.207,127,linceti01
7,Yovani Gallardo,MIL,2011,NL,5,0,2%,2.3,17,10,0.63,3.52,33,33,0,1,1,0,207.1,193,92,81,27,59,1,207,1,0,12,865,1.215,112,gallayo01
8,Matt Cain,SFG,2011,NL,3,0,1%,3.1,12,11,0.522,2.88,33,33,0,1,0,0,221.2,177,82,71,9,63,5,179,9,0,4,907,1.083,121,cainma01
9,John Axford,MIL,2011,NL,2,0,1%,2.3,2,2,0.5,1.95,74,0,63,0,0,46,73.2,59,19,16,4,25,1,86,0,0,8,305,1.14,202,axforjo01
9,Craig Kimbrel,ATL,2011,NL,2,0,1%,2.5,4,3,0.571,2.1,79,0,64,0,0,46,77,48,19,18,3,32,1,127,1,0,4,306,1.039,183,kimbrcr01
11,Madison Bumgarner,SFG,2011,NL,1,0,0%,1.9,13,13,0.5,3.21,33,33,0,0,0,0,204.2,202,82,73,12,46,5,191,5,1,0,844,1.212,109,bumgama01
11,Ryan Vogelsong,SFG,2011,NL,1,0,0%,2.7,13,7,0.65,2.71,30,28,1,1,1,0,179.2,164,62,54,15,61,6,139,5,1,1,752,1.252,129,vogelry01
1,Félix Hernández,SEA,2010,AL,167,21,85%,7.2,13,12,0.52,2.27,34,34,0,6,1,0,249.2,194,80,63,17,70,1,232,8,1,14,1001,1.057,174,hernafe02
2,David Price,TBR,2010,AL,111,4,57%,4.7,19,6,0.76,2.72,32,31,0,2,1,0,208.2,170,71,63,15,79,1,188,5,3,5,861,1.193,144,priceda01
3,CC Sabathia,NYY,2010,AL,102,3,52%,4.8,21,7,0.75,3.18,34,34,0,2,0,0,237.2,209,92,84,20,74,6,197,7,1,8,970,1.191,136,sabatc.01
4,Jon Lester,BOS,2010,AL,33,0,17%,5.2,19,9,0.679,3.25,32,32,0,2,0,0,208,167,81,75,14,83,0,225,10,0,6,861,1.202,134,lestejo01
5,Jered Weaver,LAA,2010,AL,24,0,12%,5.2,13,12,0.52,3.01,34,34,0,0,0,0,224.1,187,83,75,23,54,0,233,0,1,7,905,1.074,132,weaveje02
6,Clay Buchholz,BOS,2010,AL,20,0,10%,5.6,17,7,0.708,2.33,28,28,0,1,1,0,173.2,142,55,45,9,67,1,120,5,1,7,711,1.203,187,buchhcl01
7,Cliff Lee,TOT,2010,AL,6,0,3%,5.1,12,9,0.571,3.18,28,28,0,7,1,0,212.1,195,84,75,16,18,2,185,1,1,3,843,1.003,133,leecl02
8,Rafael Soriano,TBR,2010,AL,5,0,3%,2.1,3,2,0.6,1.73,64,0,56,0,0,45,62.1,36,14,12,4,14,2,57,1,0,0,237,0.802,226,soriara01
9,Trevor Cahill,OAK,2010,AL,4,0,2%,3.9,18,8,0.692,2.97,30,30,0,1,1,0,196.2,155,73,65,19,63,1,118,6,2,2,783,1.108,138,cahiltr01
10,Joakim Soria,KCR,2010,AL,2,0,1%,3.7,1,2,0.333,1.78,66,0,56,0,0,43,65.2,53,13,13,4,16,1,71,2,1,3,270,1.051,236,soriajo01
11,Francisco Liriano,MIN,2010,AL,1,0,1%,4.2,14,10,0.583,3.62,31,31,0,0,0,0,191.2,184,77,77,9,58,0,201,10,1,10,806,1.263,112,liriafr01
11,Justin Verlander,DET,2010,AL,1,0,1%,4.4,18,9,0.667,3.37,33,33,0,4,0,0,224.1,190,89,84,14,71,0,219,6,2,11,925,1.163,124,verlaju01
1,Roy Halladay,PHI,2010,NL,224,32,100%,8.5,21,10,0.677,2.44,33,33,0,9,4,0,250.2,231,74,68,24,30,1,219,6,1,5,993,1.041,167,hallaro01
2,Adam Wainwright,STL,2010,NL,122,0,54%,6.2,20,11,0.645,2.42,33,33,0,5,2,0,230.1,186,68,62,15,56,2,213,4,0,2,910,1.051,160,wainwad01
3,Ubaldo Jiménez,COL,2010,NL,90,0,40%,7.5,19,8,0.704,2.88,33,33,0,4,2,0,221.2,164,73,71,10,92,7,214,9,1,16,894,1.155,161,jimenub01
4,Tim Hudson,ATL,2010,NL,39,0,17%,5.8,17,9,0.654,2.83,34,34,0,1,0,0,228.2,189,74,72,20,74,8,139,9,0,5,920,1.15,138,hudsoti01
5,Josh Johnson,FLA,2010,NL,34,0,15%,7,11,6,0.647,2.3,28,28,0,1,0,0,183.2,155,51,47,7,48,2,186,5,0,4,744,1.105,180,johnsjo09
6,Roy Oswalt,TOT,2010,NL,14,0,6%,6,13,13,0.5,2.76,33,32,0,2,2,0,211.2,162,70,65,19,55,2,193,5,1,2,837,1.025,145,oswalro01
7,Brian Wilson,SFG,2010,NL,7,0,3%,2.8,3,3,0.5,1.81,70,0,59,0,0,48,74.2,62,16,15,3,26,5,93,1,0,0,311,1.179,217,wilsobr01
8,Heath Bell,SDP,2010,NL,4,0,2%,1.9,6,1,0.857,1.93,67,0,57,0,0,47,70,56,17,15,1,28,3,86,1,0,1,287,1.2,191,bellhe01
8,Mat Latos,SDP,2010,NL,4,0,2%,3.2,14,10,0.583,2.92,31,31,0,1,1,0,184.2,150,63,60,16,50,3,189,2,1,5,748,1.083,126,latosma01
10,Tim Lincecum,SFG,2010,NL,2,0,1%,3.3,16,10,0.615,3.43,33,33,0,1,1,0,212.1,194,84,81,18,76,7,231,5,0,9,897,1.272,114,linceti01
10,Brett Myers,HOU,2010,NL,2,0,1%,4.9,14,8,0.636,3.14,33,33,0,2,0,0,223.2,212,88,78,20,66,3,180,3,0,2,936,1.243,126,myersbr01
12,Bronson Arroyo,CIN,2010,NL,1,0,0%,2.4,17,10,0.63,3.88,33,33,0,2,0,0,215.2,188,95,93,29,59,5,121,6,1,1,880,1.145,105,arroybr01
12,Matt Cain,SFG,2010,NL,1,0,0%,4.1,13,11,0.542,3.14,33,33,0,4,2,0,223.1,181,84,78,22,61,4,177,4,0,8,896,1.084,124,cainma01
1,Zack Greinke,KCR,2009,AL,134,25,96%,10.4,16,8,0.667,2.16,33,33,0,6,3,0,229.1,195,64,55,11,51,0,242,4,0,5,915,1.073,205,greinza01
2,Félix Hernández,SEA,2009,AL,80,2,57%,5.9,19,5,0.792,2.49,34,34,0,2,1,0,238.2,200,81,66,15,71,0,217,8,1,17,977,1.135,171,hernafe02
3,Justin Verlander,DET,2009,AL,14,1,10%,5.5,19,9,0.679,3.45,35,35,0,3,1,0,240,219,99,92,20,63,5,269,6,4,8,982,1.175,131,verlaju01
4,CC Sabathia,NYY,2009,AL,13,0,9%,6.2,19,8,0.704,3.37,34,34,0,2,1,0,230,197,96,86,18,67,7,197,9,0,5,938,1.148,137,sabatc.01
5,Roy Halladay,TOR,2009,AL,11,0,8%,6.9,17,10,0.63,2.79,32,32,0,9,4,0,239,234,82,74,22,35,0,208,5,0,2,963,1.126,159,hallaro01
1,Tim Lincecum,SFG,2009,NL,100,11,63%,7.4,15,7,0.682,2.48,32,32,0,4,2,0,225.1,168,69,62,10,68,2,261,6,0,11,905,1.047,171,linceti01
2,Chris Carpenter,STL,2009,NL,94,9,59%,6.5,17,4,0.81,2.24,28,28,0,3,1,0,192.2,156,49,48,7,38,1,144,7,0,1,750,1.007,182,carpech01
3,Adam Wainwright,STL,2009,NL,90,12,56%,6.3,19,8,0.704,2.63,34,34,0,1,0,0,233,216,75,68,17,66,1,212,3,0,7,970,1.21,155,wainwad01
4,Javier Vazquez,ATL,2009,NL,3,0,2%,6.2,15,10,0.6,2.87,32,32,0,3,0,0,219.1,181,75,70,20,44,2,238,4,0,6,874,1.026,143,vazquja01
5,Dan Haren,ARI,2009,NL,1,0,1%,6.5,14,10,0.583,3.14,33,33,0,3,1,0,229.1,192,83,80,27,38,2,223,4,0,13,909,1.003,142,harenda01
1,Cliff Lee,CLE,2008,AL,132,24,94%,6.8,22,3,0.88,2.54,31,31,0,4,2,0,223.1,214,68,63,12,34,1,170,5,0,4,891,1.11,167,leecl02
2,Roy Halladay,TOR,2008,AL,71,4,51%,6.2,20,11,0.645,2.78,34,33,0,9,2,0,246,220,88,76,18,39,3,206,12,0,4,987,1.053,152,hallaro01
3,Francisco Rodríguez,LAA,2008,AL,32,0,23%,2.5,2,3,0.4,2.24,76,0,69,0,0,62,68.1,54,21,17,4,34,4,77,2,0,6,288,1.288,199,rodrifr03
4,Daisuke Matsuzaka,BOS,2008,AL,10,0,7%,5.4,18,3,0.857,2.9,29,29,0,0,0,0,167.2,128,58,54,12,94,1,154,7,0,5,716,1.324,160,matsuda01
5,Mariano Rivera,NYY,2008,AL,3,0,2%,4.3,6,5,0.545,1.4,64,0,60,0,0,39,70.2,41,11,11,4,6,0,77,2,0,1,259,0.665,316,riverma01
6,Mike Mussina,NYY,2008,AL,2,0,1%,5.1,20,9,0.69,3.37,34,34,0,0,0,0,200.1,214,85,75,17,31,3,150,8,0,4,819,1.223,131,mussimi01
6,Ervin Santana,LAA,2008,AL,2,0,1%,5.1,16,7,0.696,3.49,32,32,0,2,1,0,219,198,89,85,23,47,2,214,8,1,5,897,1.119,127,santaer01
1,Tim Lincecum,SFG,2008,NL,137,23,86%,7.8,18,5,0.783,2.62,34,33,0,2,1,0,227,182,72,66,11,84,1,265,6,2,17,928,1.172,168,linceti01
2,Brandon Webb,ARI,2008,NL,73,4,46%,5.6,22,7,0.759,3.3,34,34,0,3,1,0,226.2,206,95,83,13,65,5,183,12,1,8,944,1.196,140,webbbr01
3,Johan Santana,NYM,2008,NL,55,4,34%,7.1,16,7,0.696,2.53,34,34,0,3,2,0,234.1,206,74,66,23,63,5,206,4,2,9,964,1.148,166,santajo02
4,Brad Lidge,PHI,2008,NL,10,0,6%,2.4,2,0,1,1.95,72,0,61,0,0,41,69.1,50,17,15,2,35,4,92,1,0,5,292,1.226,224,lidgebr01
5,CC Sabathia,MIL,2008,NL,9,1,6%,4.9,11,2,0.846,1.65,17,17,0,7,3,0,130.2,106,31,24,6,25,0,128,4,0,1,516,1.003,255,sabatc.01
6,Ryan Dempster,CHC,2008,NL,4,0,3%,6.9,17,6,0.739,2.96,33,33,0,1,0,0,206.2,174,75,68,14,76,1,187,7,0,5,856,1.21,154,dempsry01
1,CC Sabathia,CLE,2007,AL,119,19,85%,6.3,19,7,0.731,3.21,34,34,0,4,1,0,241,238,94,86,20,37,1,209,8,0,1,975,1.141,141,sabatc.01
2,Josh Beckett,BOS,2007,AL,86,8,61%,6.5,20,7,0.741,3.27,30,30,0,1,0,0,200.2,189,76,73,17,40,0,194,5,0,3,822,1.141,145,beckejo02
3,John Lackey,LAA,2007,AL,36,1,26%,6.3,19,9,0.679,3.01,33,33,0,2,2,0,224,219,87,75,18,52,2,179,12,1,9,929,1.21,150,lackejo01
4,Roberto Hernandez,CLE,2007,AL,7,0,5%,6.2,19,8,0.704,3.06,32,32,0,2,1,0,215,199,78,73,16,61,2,137,11,1,5,879,1.209,148,carmofa01
5,Erik Bedard,BAL,2007,AL,1,0,1%,5.7,13,5,0.722,3.16,28,28,0,1,1,0,182,141,66,64,19,57,0,221,5,0,3,733,1.088,146,bedarer01
5,Roy Halladay,TOR,2007,AL,1,0,1%,3.5,16,7,0.696,3.71,31,31,0,7,1,0,225.1,232,101,93,15,48,3,139,3,0,4,927,1.243,121,hallaro01
5,Johan Santana,MIN,2007,AL,1,0,1%,5,15,13,0.536,3.33,33,33,0,1,1,0,219,183,88,81,33,52,0,235,4,1,7,878,1.073,129,santajo02
5,Justin Verlander,DET,2007,AL,1,0,1%,4.2,18,6,0.75,3.66,32,32,0,1,1,0,201.2,181,88,82,20,67,3,183,19,2,17,866,1.23,125,verlaju01
1,Jake Peavy,SDP,2007,NL,160,32,100%,6.2,19,6,0.76,2.54,34,34,0,0,0,0,223.1,169,67,63,13,68,5,240,6,0,4,898,1.061,158,peavyja01
2,Brandon Webb,ARI,2007,NL,94,0,59%,6.4,18,10,0.643,3.01,34,34,0,4,3,0,236.1,209,91,79,12,72,6,194,5,0,3,975,1.189,158,webbbr01
3,Brad Penny,LAD,2007,NL,14,0,9%,5.9,16,4,0.8,3.03,33,33,0,0,0,0,208,199,75,70,9,73,2,135,5,0,6,865,1.308,147,pennybr01
4,Aaron Harang,CIN,2007,NL,10,0,6%,6,16,6,0.727,3.73,34,34,0,2,1,0,231.2,213,100,96,28,52,3,218,8,1,12,948,1.144,124,haranaa01
5,Carlos Zambrano,CHC,2007,NL,3,0,2%,3.4,18,13,0.581,3.95,34,34,0,1,0,0,216.1,187,100,95,23,101,4,177,14,0,3,925,1.331,117,zambrca01
6,Cole Hamels,PHI,2007,NL,2,0,1%,4.1,15,5,0.75,3.39,28,28,0,2,0,0,183.1,163,72,69,25,43,4,177,3,0,5,743,1.124,135,hamelco01
6,John Smoltz,ATL,2007,NL,2,0,1%,4.6,14,8,0.636,3.11,32,32,0,0,0,0,205.2,196,78,71,18,47,9,197,4,0,8,853,1.182,140,smoltjo01
6,Jose Valverde,ARI,2007,NL,2,0,1%,2.2,1,4,0.2,2.66,65,0,59,0,0,47,64.1,46,21,19,7,26,1,78,3,0,1,265,1.119,179,valvejo01
9,Jeff Francis,COL,2007,NL,1,0,1%,3.9,17,9,0.654,4.22,34,34,0,1,1,0,215.1,234,103,101,25,63,7,165,7,1,1,922,1.379,114,francje01
1,Johan Santana,MIN,2006,AL,140,28,100%,7.6,19,6,0.76,2.77,34,34,0,1,0,0,233.2,186,79,72,24,47,0,245,4,1,4,923,0.997,162,santajo02
2,Chien-Ming Wang,NYY,2006,AL,51,0,36%,6,19,6,0.76,3.63,34,33,1,2,1,1,218,233,92,88,12,52,4,76,2,1,6,900,1.307,125,wangch01
3,Roy Halladay,TOR,2006,AL,48,0,34%,5.3,16,5,0.762,3.19,32,32,0,4,0,0,220,208,82,78,19,34,5,132,5,0,3,876,1.1,143,hallaro01
4,Francisco Rodríguez,LAA,2006,AL,5,0,4%,3.7,2,3,0.4,1.73,69,0,58,0,0,47,73,52,16,14,6,28,5,98,1,0,10,296,1.096,263,rodrifr03
5,Joe Nathan,MIN,2006,AL,3,0,2%,3.3,7,0,1,1.58,64,0,61,0,0,36,68.1,38,12,12,3,16,4,95,1,0,3,262,0.79,284,nathajo01
5,Kenny Rogers,DET,2006,AL,3,0,2%,3.2,17,8,0.68,3.84,34,33,1,0,0,0,204,195,97,87,23,62,2,99,9,0,5,849,1.26,118,rogerke01
7,Justin Verlander,DET,2006,AL,2,0,1%,4,17,9,0.654,3.63,30,30,0,1,1,0,186,187,78,75,21,60,1,124,6,1,5,776,1.328,125,verlaju01
1,Brandon Webb,ARI,2006,NL,103,15,64%,7,16,8,0.667,3.1,33,33,0,5,3,0,235,216,91,81,15,50,4,178,6,2,5,950,1.132,152,webbbr01
2,Trevor Hoffman,SDP,2006,NL,77,12,48%,2.1,0,2,0,2.14,65,0,50,0,0,46,63,48,16,15,6,13,1,50,1,0,2,248,0.968,190,hoffmtr01
3,Chris Carpenter,STL,2006,NL,63,2,39%,5.1,15,8,0.652,3.09,32,32,0,5,3,0,221.2,194,81,76,21,43,3,184,10,0,3,896,1.069,144,carpech01
4,Roy Oswalt,HOU,2006,NL,31,3,19%,5.9,15,8,0.652,2.98,33,32,1,2,0,0,220.2,220,76,73,18,38,4,166,6,1,1,896,1.169,150,oswalro01
5,Carlos Zambrano,CHC,2006,NL,6,0,4%,5.3,16,7,0.696,3.41,33,33,0,0,0,0,214,162,91,81,20,115,4,210,9,1,9,917,1.294,136,zambrca01
6,Billy Wagner,NYM,2006,NL,4,0,3%,2.2,3,2,0.6,2.24,70,0,59,0,0,40,72.1,59,22,18,7,21,1,94,4,0,2,297,1.106,196,wagnebi02
7,John Smoltz,ATL,2006,NL,3,0,2%,5.9,16,9,0.64,3.49,35,35,0,3,1,0,232,221,93,90,23,55,4,211,9,0,5,960,1.19,128,smoltjo01
8,Takashi Saito,LAD,2006,NL,1,0,1%,3.2,6,2,0.75,2.07,72,0,48,0,0,24,78.1,48,19,18,3,23,3,107,2,0,2,303,0.906,218,saitota01
1,Bartolo Colon,LAA,2005,AL,118,17,84%,4,21,8,0.724,3.48,33,33,0,2,0,0,222.2,215,93,86,26,43,0,157,3,1,2,906,1.159,122,colonba01
2,Mariano Rivera,NYY,2005,AL,68,8,49%,4,7,4,0.636,1.38,71,0,67,0,0,43,78.1,50,18,12,2,18,0,80,4,0,0,306,0.868,308,riverma01
3,Johan Santana,MIN,2005,AL,51,3,36%,7.2,16,7,0.696,2.87,33,33,0,3,2,0,231.2,180,77,74,22,45,1,238,1,0,8,910,0.971,155,santajo02
4,Cliff Lee,CLE,2005,AL,8,0,6%,2.5,18,5,0.783,3.79,32,32,0,1,0,0,202,194,91,85,22,52,1,143,0,0,4,838,1.218,111,leecl02
5,Mark Buehrle,CHW,2005,AL,5,0,4%,4.8,16,8,0.667,3.12,33,33,0,3,1,0,236.2,240,99,82,20,40,4,149,4,2,2,971,1.183,144,buehrma01
6,Jon Garland,CHW,2005,AL,1,0,1%,4.6,18,10,0.643,3.5,32,32,0,3,3,0,221,212,93,86,26,47,3,115,7,0,2,901,1.172,128,garlajo01
6,Kevin Millwood,CLE,2005,AL,1,0,1%,4,9,11,0.45,2.86,30,30,0,1,0,0,192,182,72,61,20,52,0,146,4,0,2,799,1.219,147,millwke01
1,Chris Carpenter,STL,2005,NL,132,19,83%,5.8,21,5,0.808,2.83,33,33,0,7,4,0,241.2,204,82,76,18,51,0,213,3,0,5,953,1.055,150,carpech01
2,Dontrelle Willis,FLA,2005,NL,112,11,70%,7.3,22,10,0.688,2.63,34,34,0,7,5,0,236.1,213,79,69,11,55,3,170,8,1,2,960,1.134,152,willido03
3,Roger Clemens,HOU,2005,NL,40,2,25%,7.8,13,8,0.619,1.87,32,32,0,1,0,0,211.1,151,51,44,11,62,5,185,3,1,3,838,1.008,226,clemero02
4,Roy Oswalt,HOU,2005,NL,2,0,1%,5.9,20,12,0.625,2.94,35,35,0,4,1,0,241.2,243,85,79,18,48,3,184,8,1,5,1002,1.204,144,oswalro01
5,Chad Cordero,WSN,2005,NL,1,0,1%,2,2,4,0.333,1.82,74,0,62,0,0,47,74.1,55,24,15,9,17,2,61,2,0,0,300,0.969,225,cordech01
5,Andy Pettitte,HOU,2005,NL,1,0,1%,6.8,17,9,0.654,2.39,33,33,0,0,0,0,222.1,188,66,59,17,41,0,171,3,0,2,875,1.03,177,pettian01
1,Johan Santana,MIN,2004,AL,140,28,100%,8.7,20,6,0.769,2.61,34,34,0,1,1,0,228,156,70,66,24,54,0,265,9,0,7,881,0.921,182,santajo02
2,Curt Schilling,BOS,2004,AL,82,0,59%,7.8,21,6,0.778,3.26,32,32,0,3,0,0,226.2,206,84,82,23,35,0,203,5,0,3,910,1.063,148,schilcu01
3,Mariano Rivera,NYY,2004,AL,27,0,19%,4.2,4,2,0.667,1.94,74,0,69,0,0,53,78.2,65,17,17,3,20,3,66,5,0,0,316,1.081,232,riverma01
4,Pedro Martinez,BOS,2004,AL,1,0,1%,5.5,16,9,0.64,3.9,33,33,0,1,1,0,217,193,99,94,26,61,0,227,16,0,2,903,1.171,124,martipe02
4,Joe Nathan,MIN,2004,AL,1,0,1%,3.9,1,2,0.333,1.62,73,0,63,0,0,44,72.1,48,14,13,3,23,3,89,2,0,5,284,0.982,294,nathajo01
4,Francisco Rodríguez,ANA,2004,AL,1,0,1%,3.3,4,1,0.8,1.82,69,0,29,0,0,12,84,51,21,17,2,33,1,123,1,0,5,335,1,245,rodrifr03
1,Roger Clemens,HOU,2004,NL,140,23,88%,5.4,18,4,0.818,2.98,33,33,0,0,0,0,214.1,169,76,71,15,79,5,218,6,0,5,878,1.157,145,clemero02
2,Randy Johnson,ARI,2004,NL,97,8,61%,8.4,16,14,0.533,2.6,35,35,0,4,2,0,245.2,177,88,71,18,44,1,290,10,1,3,964,0.9,176,johnsra05
3,Roy Oswalt,HOU,2004,NL,19,1,12%,3.9,20,10,0.667,3.49,36,35,0,2,2,0,237,233,100,92,17,62,5,206,11,1,5,983,1.245,124,oswalro01
4,Jason Schmidt,SFG,2004,NL,13,0,8%,6.8,18,7,0.72,3.2,32,32,0,4,3,0,225,165,84,80,18,77,3,251,3,1,7,907,1.076,136,schmija01
5,Carlos Zambrano,CHC,2004,NL,8,0,5%,6.6,16,8,0.667,2.75,31,31,0,1,1,0,209.2,174,73,64,14,81,4,188,20,2,6,887,1.216,160,zambrca01
6,Carl Pavano,FLA,2004,NL,6,0,4%,5.3,18,8,0.692,3,31,31,0,2,2,0,222.1,212,80,74,16,49,13,139,11,3,2,909,1.174,137,pavanca01
7,Eric Gagne,LAD,2004,NL,3,0,2%,2.3,7,3,0.7,2.19,70,0,59,0,0,45,82.1,53,24,20,5,22,3,114,5,0,2,326,0.911,188,gagneer01
8,Brad Lidge,HOU,2004,NL,1,0,1%,3.8,6,5,0.545,1.9,80,0,44,0,0,29,94.2,57,21,20,8,30,5,157,6,1,3,369,0.919,228,lidgebr01
8,Ben Sheets,MIL,2004,NL,1,0,1%,7.2,12,14,0.462,2.7,34,34,0,5,0,0,237,201,85,71,25,32,1,264,4,1,8,937,0.983,162,sheetbe01
1,Roy Halladay,TOR,2003,AL,136,26,97%,8.1,22,7,0.759,3.25,36,36,0,9,2,0,266,253,111,96,26,32,1,204,9,1,6,1071,1.071,145,hallaro01
2,Esteban Loaiza,CHW,2003,AL,63,2,45%,7.2,21,9,0.7,2.9,34,34,0,1,0,0,226.1,196,75,73,17,56,2,207,10,1,3,922,1.113,159,loaizes01
3,Pedro Martinez,BOS,2003,AL,20,0,14%,8,14,4,0.778,2.22,29,29,0,3,0,0,186.2,147,52,46,7,47,0,206,9,0,5,749,1.039,211,martipe02
4,Tim Hudson,OAK,2003,AL,15,0,11%,7.4,16,7,0.696,2.7,34,34,0,3,2,0,240,197,84,72,15,61,9,162,10,0,6,967,1.075,165,hudsoti01
5,Jamie Moyer,SEA,2003,AL,12,0,9%,4.7,21,7,0.75,3.27,33,33,0,1,0,0,215,199,83,78,19,66,3,129,8,0,0,897,1.233,132,moyerja01
6,Andy Pettitte,NYY,2003,AL,4,0,3%,3.1,21,8,0.724,4.02,33,33,0,1,0,0,208.1,227,109,93,21,50,3,180,1,0,5,896,1.33,110,pettian01
7,Keith Foulke,OAK,2003,AL,1,0,1%,3.5,9,1,0.9,2.08,72,0,67,0,0,43,86.2,57,21,20,10,20,2,88,7,1,0,338,0.888,215,foulkke01
7,Johan Santana,MIN,2003,AL,1,0,1%,4.1,12,3,0.8,3.07,45,18,7,0,0,0,158.1,127,56,54,17,47,1,169,3,2,6,644,1.099,148,santajo02
1,Eric Gagne,LAD,2003,NL,146,28,91%,3.7,2,3,0.4,1.2,77,0,67,0,0,55,82.1,37,12,11,2,20,2,137,3,0,2,306,0.692,337,gagneer01
2,Jason Schmidt,SFG,2003,NL,73,2,46%,6.7,17,5,0.773,2.34,29,29,0,5,3,0,207.2,152,56,54,14,46,1,208,5,1,7,819,0.953,180,schmija01
3,Mark Prior,CHC,2003,NL,60,2,38%,7.4,18,6,0.75,2.43,30,30,0,3,1,0,211.1,183,67,57,15,50,4,245,9,0,9,863,1.103,179,priorma01
4,Russ Ortiz,ATL,2003,NL,9,0,6%,2.2,21,7,0.75,3.81,34,34,0,1,1,0,212.1,177,101,90,17,102,7,149,4,0,5,912,1.314,113,ortizru01
1,Barry Zito,OAK,2002,AL,114,17,81%,7.2,23,5,0.821,2.75,35,35,0,1,0,0,229.1,182,79,70,24,78,2,182,9,1,2,939,1.134,158,zitoba01
2,Pedro Martinez,BOS,2002,AL,96,11,69%,6.5,20,4,0.833,2.26,30,30,0,2,0,0,199.1,144,62,50,13,40,1,239,15,0,3,787,0.923,202,martipe02
3,Derek Lowe,BOS,2002,AL,41,0,29%,7.2,21,8,0.724,2.58,32,32,0,1,1,0,219.2,166,65,63,12,48,0,127,12,0,5,854,0.974,177,lowede01
4,Jarrod Washburn,ANA,2002,AL,1,0,1%,4.5,18,6,0.75,3.15,32,32,0,1,0,0,206,183,75,72,19,59,1,139,3,1,5,852,1.175,141,washbja01
1,Randy Johnson,ARI,2002,NL,160,32,100%,10.7,24,5,0.828,2.32,35,35,0,8,4,0,260,197,78,67,26,71,1,334,13,2,3,1035,1.031,195,johnsra05
2,Curt Schilling,ARI,2002,NL,90,0,56%,8.6,23,7,0.767,3.23,36,35,0,5,1,0,259.1,218,95,93,29,33,1,316,3,0,6,1017,0.968,140,schilcu01
3,John Smoltz,ATL,2002,NL,21,0,13%,1.2,3,2,0.6,3.25,75,0,68,0,0,55,80.1,59,30,29,4,24,1,85,0,1,1,314,1.033,128,smoltjo01
4,Eric Gagne,LAD,2002,NL,8,0,5%,2.9,4,1,0.8,1.97,77,0,68,0,0,52,82.1,55,18,18,6,16,4,114,2,0,1,314,0.862,193,gagneer01
4,Roy Oswalt,HOU,2002,NL,8,0,5%,7,19,9,0.679,3.01,35,34,0,0,0,0,233,215,86,78,17,62,4,208,5,0,3,956,1.189,144,oswalro01
6,Bartolo Colon,MON,2002,NL,1,0,1%,2.4,10,4,0.714,3.31,17,17,0,4,1,0,117,115,48,43,9,39,4,74,0,0,1,499,1.316,129,colonba01
1,Roger Clemens,NYY,2001,AL,122,21,87%,5.7,20,3,0.87,3.51,33,33,0,0,0,0,220.1,205,94,86,19,72,1,213,5,0,14,918,1.257,128,clemero02
2,Mark Mulder,OAK,2001,AL,60,2,43%,5.6,21,8,0.724,3.45,34,34,0,6,4,0,229.1,214,92,88,16,51,4,153,5,0,4,927,1.156,126,muldema01
3,Freddy Garcia,SEA,2001,AL,55,4,39%,4.2,18,6,0.75,3.05,34,34,0,4,3,0,238.2,199,88,81,16,69,6,163,5,1,3,971,1.123,135,garcifr03
4,Jamie Moyer,SEA,2001,AL,12,1,9%,3.4,20,6,0.769,3.43,33,33,0,1,0,0,209.2,187,84,80,24,44,4,119,10,0,1,851,1.102,120,moyerja01
5,Mike Mussina,NYY,2001,AL,2,0,1%,7.1,17,11,0.607,3.15,34,34,0,4,3,0,228.2,202,87,80,20,42,2,214,4,0,6,909,1.067,143,mussimi01
6,Tim Hudson,OAK,2001,AL,1,0,1%,4.5,18,9,0.667,3.37,35,35,0,3,0,0,235,216,100,88,20,71,5,181,6,1,9,980,1.221,129,hudsoti01
1,Randy Johnson,ARI,2001,NL,156,30,98%,10.1,21,6,0.778,2.49,35,34,1,3,2,0,249.2,181,74,69,19,71,2,372,18,1,8,994,1.009,188,johnsra05
2,Curt Schilling,ARI,2001,NL,98,2,61%,8.8,22,6,0.786,2.98,35,35,0,6,1,0,256.2,237,86,85,37,39,0,293,1,0,4,1021,1.075,157,schilcu01
3,Matt Morris,STL,2001,NL,31,0,19%,4.1,22,8,0.733,3.16,34,34,0,2,1,0,216.1,218,86,76,13,54,3,185,13,1,5,909,1.257,137,morrima01
4,Jon Lieber,CHC,2001,NL,2,0,1%,3.9,20,6,0.769,3.8,34,34,0,5,1,0,232.1,226,104,98,25,41,4,148,7,1,4,958,1.149,109,liebejo01
5,Roy Oswalt,HOU,2001,NL,1,0,1%,4.7,14,3,0.824,2.73,28,20,4,3,1,0,141.2,126,48,43,13,24,2,144,6,0,0,575,1.059,170,oswalro01
1,Pedro Martinez,BOS,2000,AL,140,28,100%,11.7,18,6,0.75,1.74,29,29,0,7,4,0,217,128,44,42,17,32,0,284,14,0,1,817,0.737,291,martipe02
2,Tim Hudson,OAK,2000,AL,54,0,39%,4,20,6,0.769,4.14,32,32,0,2,2,0,202.1,169,100,93,24,82,5,169,7,0,7,847,1.241,113,hudsoti01
3,David Wells,TOR,2000,AL,46,0,33%,4.8,20,8,0.714,4.11,35,35,0,9,1,0,229.2,266,115,105,23,31,0,166,8,1,9,972,1.293,123,wellsda01
4,Andy Pettitte,NYY,2000,AL,7,0,5%,3.6,19,9,0.679,4.35,32,32,0,3,1,0,204.2,219,111,99,17,80,4,125,4,3,2,903,1.461,111,pettian01
5,Todd Jones,DET,2000,AL,3,0,2%,1.2,2,4,0.333,3.52,67,0,60,0,0,42,64,67,28,25,6,25,1,67,1,0,2,271,1.438,134,jonesto02
6,Roger Clemens,NYY,2000,AL,1,0,1%,4.6,13,8,0.619,3.7,32,32,0,1,0,0,204.1,184,96,84,26,84,0,188,10,1,2,878,1.312,131,clemero02
6,Mike Mussina,BAL,2000,AL,1,0,1%,5.7,11,15,0.423,3.79,34,34,0,6,1,0,237.2,236,105,100,28,46,0,210,3,0,3,987,1.187,125,mussimi01
1,Randy Johnson,ARI,2000,NL,133,22,83%,8.1,19,7,0.731,2.64,35,35,0,8,3,0,248.2,202,89,73,23,76,1,347,6,2,5,1001,1.118,181,johnsra05
2,Tom Glavine,ATL,2000,NL,64,4,40%,4.9,21,9,0.7,3.4,35,35,0,4,2,0,241,222,101,91,24,65,6,152,4,0,0,992,1.191,135,glavito02
3,Greg Maddux,ATL,2000,NL,59,3,37%,6.5,19,9,0.679,3,35,35,0,6,3,0,249.1,225,91,83,19,42,12,190,10,2,1,1012,1.071,153,maddugr01
4,Robb Nen,SFG,2000,NL,20,2,13%,2.5,4,3,0.571,1.5,68,0,63,0,0,41,66,37,15,11,4,19,1,92,2,0,5,256,0.848,286,nenro01
5,Darryl Kile,STL,2000,NL,8,1,5%,3.7,20,9,0.69,3.91,34,34,0,5,1,0,232.1,215,109,101,33,58,1,192,13,1,8,960,1.175,120,kileda01
6,Kevin Brown,LAD,2000,NL,4,0,3%,7,13,6,0.684,2.58,33,33,0,5,1,0,230,181,76,66,21,47,1,216,9,0,4,921,0.991,167,brownke01